City_ID,City,Country,Lat,Lng,Max Temp,Humidity,Cloudiness,Wind Speed,Current Description
0,Albany,US,42.6001,-73.9662,71.62,93,100,5.23,overcast clouds
1,Cabo San Lucas,MX,22.8909,-109.9124,91.51,72,20,5.99,few clouds
2,Haines Junction,CA,60.7522,-137.5108,69.75,46,38,8.05,scattered clouds
3,Esperance,AU,-33.8667,121.9,55.24,67,97,26.69,overcast clouds
4,Vaini,TO,-21.2,-175.2,75.36,88,75,6.91,light intensity drizzle
5,Honiara,SB,-9.4333,159.95,87.19,65,13,7.14,few clouds
6,Vostok,RU,46.4856,135.8833,71.06,90,100,1.59,overcast clouds
7,Punta Arenas,CL,-53.15,-70.9167,39.11,87,0,17.27,clear sky
8,Victoria,HK,22.2855,114.1577,82.38,93,100,1.01,light rain
9,Nchelenge,ZM,-9.3451,28.734,59.16,52,0,7.38,clear sky
10,Barrow,US,71.2906,-156.7887,53.62,82,90,5.75,light rain
11,Planaltina,BR,-15.4528,-47.6142,61.09,39,0,6.82,clear sky
12,Raga,SS,8.4596,25.678,68.23,96,100,5.59,overcast clouds
13,Bestobe,KZ,52.4994,73.0975,63.07,43,0,4.83,clear sky
14,Belmonte,BR,-15.8631,-38.8828,73.9,88,83,17.87,broken clouds
15,Jamestown,US,42.097,-79.2353,74.52,83,40,5.57,scattered clouds
16,Goderich,CA,43.7501,-81.7165,68.92,88,0,8.05,clear sky
17,Ushuaia,AR,-54.8,-68.3,42.46,49,0,10.36,clear sky
18,Tessalit,ML,20.1986,1.0114,85.84,42,37,4.56,scattered clouds
19,Kapaa,US,22.0752,-159.319,85.98,71,75,3.0,light rain
20,Lebu,CL,-37.6167,-73.65,48.56,84,0,5.37,clear sky
21,Lokosovo,RU,61.1333,74.8167,48.58,96,100,7.34,moderate rain
22,Pochutla,MX,15.7432,-96.4661,80.42,90,100,2.19,overcast clouds
23,Mataura,NZ,-46.1927,168.8643,50.49,81,100,3.13,light rain
24,Rikitea,PF,-23.1203,-134.9692,71.64,76,2,3.53,clear sky
25,Katsuura,JP,35.1333,140.3,86.11,82,26,8.72,scattered clouds
26,New Norfolk,AU,-42.7826,147.0587,54.91,66,100,4.0,overcast clouds
27,Okulovka,RU,58.4008,33.2908,58.51,98,11,5.44,few clouds
28,Cidreira,BR,-30.1811,-50.2056,45.09,72,12,9.22,few clouds
29,Winnemucca,US,40.973,-117.7357,96.85,11,20,5.75,few clouds
30,Vardo,NO,70.3705,31.1107,45.03,86,100,4.99,overcast clouds
31,Qaanaaq,GL,77.484,-69.3632,39.72,88,69,7.58,broken clouds
32,Alamos,MX,27.0167,-108.9333,72.12,88,100,6.2,overcast clouds
33,Zaragoza,ES,41.6561,-0.8773,73.85,66,0,4.0,clear sky
34,Arroyo,ES,41.6096,-4.7969,68.14,58,0,6.91,clear sky
35,Lotofaga,WS,-13.9764,-171.8578,87.58,78,74,20.54,light rain
36,Puerto Quijarro,BO,-17.7833,-57.7667,52.5,28,0,3.4,clear sky
37,Buala,SB,-8.145,159.5921,85.17,68,4,7.38,clear sky
38,Lompoc,US,34.6391,-120.4579,76.01,80,90,5.01,overcast clouds
39,Port Elizabeth,ZA,-33.918,25.5701,48.49,87,0,5.75,clear sky
40,Mount Gambier,AU,-37.8333,140.7667,55.31,54,75,20.71,broken clouds
41,Nikolskoye,RU,59.7035,30.7861,62.49,90,56,6.17,broken clouds
42,Pisco,PE,-13.7,-76.2167,63.01,82,90,6.91,overcast clouds
43,Calabozo,VE,8.9242,-67.4293,73.22,93,20,3.87,few clouds
44,Biak,ID,-0.9131,122.8766,82.6,69,69,4.27,broken clouds
45,Preobrazheniye,RU,42.9019,133.9064,79.83,73,100,4.59,overcast clouds
46,Ostrovnoy,RU,68.0531,39.5131,43.02,88,9,2.06,clear sky
47,Hithadhoo,MV,-0.6,73.0833,82.36,70,99,2.86,overcast clouds
48,Oistins,BB,13.0667,-59.5333,80.69,74,20,12.66,few clouds
49,Bredasdorp,ZA,-34.5322,20.0403,47.52,87,12,5.75,few clouds
50,Santa Ines,BR,-3.6667,-45.38,74.39,90,24,4.18,few clouds
51,Kodiak,US,57.79,-152.4072,56.71,67,90,4.61,overcast clouds
52,Cape Town,ZA,-33.9258,18.4232,49.26,95,0,1.01,clear sky
53,Necochea,AR,-38.5473,-58.7368,43.03,65,0,10.71,clear sky
54,Beira,MZ,-19.8436,34.8389,59.09,100,0,5.75,clear sky
55,Arraial Do Cabo,BR,-22.9661,-42.0278,63.14,57,99,20.83,overcast clouds
56,Poum,NC,-20.2333,164.0167,73.9,69,3,12.3,clear sky
57,Caravelas,BR,-17.7125,-39.2481,69.64,82,100,14.72,overcast clouds
58,Alofi,NU,-19.0595,-169.9187,78.69,73,75,12.66,broken clouds
59,Codrington,AU,-38.2667,141.9667,54.32,64,57,26.53,broken clouds
60,Chapais,CA,49.7834,-74.8492,55.18,96,100,9.93,overcast clouds
61,Juegang,CN,32.3174,121.1855,79.99,76,13,10.33,light rain
62,Sitka,US,57.0531,-135.33,69.69,64,20,4.61,few clouds
63,Lagos,NG,6.5833,3.75,77.32,88,15,3.71,few clouds
64,Busselton,AU,-33.65,115.3333,51.04,72,92,27.04,overcast clouds
65,Ponta Do Sol,PT,32.6667,-17.1,70.72,78,9,5.7,clear sky
66,Moyobamba,PE,-6.05,-76.9667,64.47,97,99,2.08,overcast clouds
67,Ballina,AU,-28.8667,153.5667,64.78,39,0,8.05,clear sky
68,Rawson,AR,-43.3002,-65.1023,55.0,38,19,14.16,few clouds
69,Ambon,ID,-3.6954,128.1814,82.54,83,40,1.14,scattered clouds
70,Tatarsk,RU,55.219,75.9828,59.43,55,6,7.16,clear sky
71,Yellowknife,CA,62.456,-114.3525,72.12,43,40,8.05,scattered clouds
72,Ugoofaaru,MV,5.6667,73.0,82.35,73,34,8.16,scattered clouds
73,China,MX,25.7,-99.2333,88.75,48,100,15.1,overcast clouds
74,Iqaluit,CA,63.7506,-68.5145,49.73,81,75,0.0,broken clouds
75,Xingcheng,CN,40.6167,120.7167,75.2,95,100,8.75,light rain
76,Tambo Grande,PE,-4.9269,-80.3447,72.79,68,100,9.82,overcast clouds
77,Ancud,CL,-41.8697,-73.8203,44.13,87,100,9.08,overcast clouds
78,Sao Jose Da Coroa Grande,BR,-8.8978,-35.1478,74.05,86,52,4.99,broken clouds
79,Talnakh,RU,69.4865,88.3972,57.47,91,100,2.35,light rain
80,Namatanai,PG,-3.6667,152.4333,85.08,68,19,2.68,light rain
81,Dikson,RU,73.5069,80.5464,42.21,89,100,13.2,light rain
82,Alyangula,AU,-13.8483,136.4192,85.87,62,1,5.75,haze
83,Atuona,PF,-9.8,-139.0333,77.14,81,100,12.82,overcast clouds
84,Areia Branca,BR,-4.9561,-37.1369,77.05,80,91,18.14,overcast clouds
85,Abu Samrah,SY,35.3029,37.1841,74.71,56,0,9.26,clear sky
86,Guerrero Negro,MX,27.9769,-114.0611,75.85,69,0,20.2,clear sky
87,Onokhoy,RU,51.932,108.0747,56.95,81,100,7.78,overcast clouds
88,Bratsk,RU,56.1325,101.6142,57.69,76,88,8.01,overcast clouds
89,Hobart,AU,-42.8794,147.3294,55.26,64,75,1.99,broken clouds
90,Bathsheba,BB,13.2167,-59.5167,81.21,74,20,12.66,few clouds
91,Muscat,OM,23.6139,58.5922,102.22,51,100,7.47,overcast clouds
92,Abha,SA,18.2164,42.5053,67.82,73,86,0.0,overcast clouds
93,Avarua,CK,-21.2078,-159.775,77.05,61,75,8.05,broken clouds
94,Petropavlovskoye,RU,52.0712,84.107,65.62,54,98,2.62,overcast clouds
95,Buraydah,SA,26.326,43.975,86.45,18,32,9.15,scattered clouds
96,Saint-Louis,SN,16.3333,-15.0,81.25,68,99,8.88,overcast clouds
97,Luba,GQ,3.4568,8.5547,75.09,87,97,6.71,moderate rain
98,Bluff,NZ,-46.6,168.3333,50.81,74,100,3.71,moderate rain
99,Lorengau,PG,-2.0226,147.2712,85.35,68,31,5.21,scattered clouds
100,Pangnirtung,CA,66.1451,-65.7125,51.39,70,15,2.84,few clouds
101,Ilulissat,GL,69.2167,-51.1,48.22,76,99,3.44,overcast clouds
102,Chernyshevskiy,RU,63.0128,112.4714,71.6,30,5,9.42,clear sky
103,Clyde River,CA,70.4692,-68.5914,39.43,93,75,4.61,broken clouds
104,Kijang,KR,35.2442,129.2139,87.53,58,94,10.94,overcast clouds
105,Honningsvag,NO,70.9821,25.9704,44.78,82,100,11.45,overcast clouds
106,Chau Doc,VN,10.7,105.1167,82.18,77,64,15.28,broken clouds
107,Starosubkhangulovo,RU,53.1031,57.4423,53.11,93,100,4.94,light rain
108,Fortuna,US,40.5982,-124.1573,64.92,80,1,1.99,clear sky
109,Hilo,US,19.7297,-155.09,83.93,70,40,6.91,scattered clouds
110,Tuktoyaktuk,CA,69.4541,-133.0374,57.2,88,75,10.36,broken clouds
111,Maniitsoq,GL,65.4167,-52.9,46.42,77,3,10.92,clear sky
112,Luderitz,NA,-26.6481,15.1594,64.96,38,0,11.63,clear sky
113,Khatanga,RU,71.9667,102.5,84.65,40,0,9.71,clear sky
114,Udachnyy,RU,66.4167,112.4,76.51,32,38,8.88,scattered clouds
115,Qiyang,CN,26.5911,111.8474,90.05,61,7,2.28,clear sky
116,Half Moon Bay,US,37.4636,-122.4286,91.22,73,75,6.91,broken clouds
117,Zhuanghe,CN,39.7008,122.9911,77.43,96,100,17.2,overcast clouds
118,Hofn,IS,64.2539,-15.2082,50.61,94,89,2.55,overcast clouds
119,Puerto Ayora,EC,-0.7393,-90.3518,71.02,91,30,7.0,scattered clouds
120,Laguna,US,38.421,-121.4238,107.76,29,1,5.99,clear sky
121,Vertientes,CU,21.2594,-78.1464,81.21,92,43,8.95,scattered clouds
122,Wasilla,US,61.5814,-149.4394,62.29,72,90,3.44,overcast clouds
123,Nanortalik,GL,60.1432,-45.2371,46.29,80,100,16.42,overcast clouds
124,Talaya,RU,61.3833,152.75,40.98,74,100,12.3,overcast clouds
125,Naze,JP,28.3667,129.4833,85.12,78,100,1.34,overcast clouds
126,Chuy,UY,-33.6971,-53.4616,40.93,86,9,5.68,clear sky
127,Berlevag,NO,70.8578,29.0864,44.24,84,100,3.69,overcast clouds
128,Puerto Escondido,MX,15.85,-97.0667,79.63,65,90,4.61,overcast clouds
129,Itigi,TZ,-5.7,34.4833,58.05,76,6,7.78,clear sky
130,Gazli,UZ,40.1333,63.45,79.23,25,0,16.87,clear sky
131,Qujing,CN,25.4833,103.7833,69.49,79,95,1.92,overcast clouds
132,Kutum,SD,14.2,24.6667,79.14,57,87,5.66,overcast clouds
133,Vilyuysk,RU,63.7553,121.6247,74.34,32,63,1.81,broken clouds
134,Sherpur,BD,25.0188,90.0175,77.52,91,100,15.95,overcast clouds
135,Fort Nelson,CA,58.8053,-122.7002,80.19,26,20,4.61,few clouds
136,Mar Del Plata,AR,-38.0023,-57.5575,49.12,70,0,1.01,clear sky
137,Isangel,VU,-19.55,169.2667,75.92,77,39,8.41,scattered clouds
138,Mirandopolis,BR,-21.1336,-51.1017,42.73,31,3,6.58,clear sky
139,Kjollefjord,NO,70.9457,27.3465,44.37,83,100,5.44,overcast clouds
140,Verkhoyansk,RU,67.5447,133.385,67.03,32,18,0.31,few clouds
141,Elizabeth City,US,36.2946,-76.2511,86.02,86,1,1.01,clear sky
142,Kieta,PG,-6.2167,155.6333,85.17,69,27,5.53,scattered clouds
143,Umarkot,PK,25.3616,69.7362,82.38,77,100,20.45,overcast clouds
144,Darhan,MN,49.4867,105.9228,59.38,86,100,10.07,overcast clouds
145,Hermanus,ZA,-34.4187,19.2345,51.91,81,16,7.29,few clouds
146,Paamiut,GL,61.994,-49.6678,43.43,87,100,3.27,overcast clouds
147,Palmer,US,42.1584,-72.3287,71.2,81,90,7.0,overcast clouds
148,Ilinskiy,RU,55.619,38.1182,68.31,100,87,2.24,overcast clouds
149,Odesskoye,RU,54.2111,72.9651,60.1,55,4,8.05,clear sky
150,Letterkenny,IE,54.95,-7.7333,55.08,96,100,2.82,overcast clouds
151,Kaitangata,NZ,-46.2817,169.8464,53.92,79,92,8.81,light rain
152,Maloy,NO,61.9353,5.1136,64.0,93,85,15.93,overcast clouds
153,Malayal,PH,7.208,121.942,85.8,68,98,2.91,overcast clouds
154,Provideniya,RU,64.3833,-173.3,51.91,76,75,15.66,broken clouds
155,Kruisfontein,ZA,-34.0033,24.7314,45.88,79,3,5.91,clear sky
156,Cherskiy,RU,68.75,161.3,37.78,64,100,20.58,overcast clouds
157,Mozarlandia,BR,-14.7447,-50.5706,67.08,22,0,10.92,clear sky
158,Keti Bandar,PK,24.1447,67.4497,82.26,83,100,22.7,overcast clouds
159,Castro,BR,-24.7911,-50.0119,33.82,60,0,2.82,clear sky
160,Norman Wells,CA,65.282,-126.8329,69.84,60,75,0.0,broken clouds
161,Constitucion,CL,-35.3333,-72.4167,51.37,76,0,2.28,clear sky
162,Arlit,NE,18.7369,7.3853,91.35,41,6,10.42,clear sky
163,Jalu,LY,29.0331,21.5482,78.76,59,0,9.31,clear sky
164,East London,ZA,-33.0153,27.9116,57.16,67,5,6.04,clear sky
165,Assiniboia,CA,49.6334,-105.9845,80.42,29,0,9.22,clear sky
166,Georgetown,MY,5.4112,100.3354,80.53,84,20,4.61,few clouds
167,Husavik,IS,66.0449,-17.3389,51.71,93,95,2.13,overcast clouds
168,Batticaloa,LK,7.7102,81.6924,81.84,64,74,6.35,broken clouds
169,Saint-Philippe,RE,-21.3585,55.7679,67.59,84,96,15.59,light rain
170,Hasaki,JP,35.7333,140.8333,84.6,77,19,8.66,few clouds
171,Milkovo,RU,54.7167,158.6167,75.0,65,93,0.43,light rain
172,Chokurdakh,RU,70.6333,147.9167,51.49,43,83,4.72,broken clouds
173,Quelimane,MZ,-17.8786,36.8883,58.95,94,0,2.3,clear sky
174,Wamba,NG,8.9333,8.6,71.71,94,100,2.93,light rain
175,Nizwa,OM,22.9333,57.5333,87.51,47,99,4.38,overcast clouds
176,Tasiilaq,GL,65.6145,-37.6368,48.36,74,36,4.12,scattered clouds
177,Borovoy,RU,55.4333,86.0833,65.48,68,0,6.71,clear sky
178,Mahebourg,MU,-20.4081,57.7,70.09,78,75,14.97,light rain
179,Kuching,MY,1.55,110.3333,79.02,89,20,3.44,light rain
180,Bakel,SN,14.905,-12.4568,80.22,81,100,8.19,overcast clouds
181,Saint Marys,US,30.7305,-81.5465,82.51,72,1,3.44,clear sky
182,Torbay,CA,47.6666,-52.7314,60.58,81,1,16.11,clear sky
183,Bethel,US,41.3712,-73.414,71.69,91,90,12.66,overcast clouds
184,Kattivakkam,IN,13.2167,80.3167,86.09,60,100,15.01,overcast clouds
185,Narsaq,GL,60.9167,-46.05,48.42,87,100,2.35,overcast clouds
186,Bengkulu,ID,-3.8004,102.2655,81.5,73,37,5.12,scattered clouds
187,Nata,PA,8.3333,-80.5167,77.47,86,100,6.98,overcast clouds
188,Bongaree,AU,-27.0797,153.1586,72.54,51,1,10.65,clear sky
189,Te Anau,NZ,-45.4167,167.7167,50.99,82,100,1.36,overcast clouds
190,Pierre,US,44.3683,-100.351,84.06,62,20,5.01,haze
191,Alushta,UA,44.6667,34.4167,76.78,58,0,3.53,clear sky
192,Rumonge,BI,-3.9736,29.4386,70.61,60,13,2.28,few clouds
193,Oum Hadjer,TD,13.2954,19.6966,74.46,86,100,11.05,overcast clouds
194,Little Current,CA,45.9793,-81.9248,68.09,67,0,19.15,clear sky
195,Salalah,OM,17.0151,54.0924,78.89,89,90,12.66,overcast clouds
196,Nueva Helvecia,UY,-34.3,-57.2333,41.59,72,0,8.61,clear sky
197,Pudozh,RU,61.8099,36.5345,58.93,99,63,5.68,broken clouds
198,Santa Cruz Del Sur,CU,20.7147,-77.9956,78.28,87,34,15.77,moderate rain
199,Hay River,CA,60.8156,-115.7999,69.78,56,40,6.91,scattered clouds
200,Saint-Felicien,CA,48.6501,-72.4491,61.48,94,75,8.05,broken clouds
201,Ahipara,NZ,-35.1667,173.1667,62.28,76,57,15.39,broken clouds
202,Camacha,PT,33.0833,-16.3333,67.42,68,20,11.5,few clouds
203,Ulagan,RU,50.6321,87.9563,61.45,63,68,0.81,broken clouds
204,Butaritari,KI,3.0707,172.7902,83.7,71,11,12.08,few clouds
205,Saint-Francois,FR,46.4154,3.9054,64.18,90,0,0.0,clear sky
206,Bambous Virieux,MU,-20.3428,57.7575,70.05,78,75,14.97,light rain
207,Leningradskiy,RU,69.3833,178.4167,32.79,97,100,20.36,light snow
208,Laguna De Perlas,NI,12.3429,-83.6712,78.24,87,88,7.2,overcast clouds
209,Adrar,MR,20.5022,-10.0711,86.4,38,49,16.49,scattered clouds
210,Carnarvon,AU,-24.8667,113.6333,66.27,65,75,14.97,broken clouds
211,Upernavik,GL,72.7868,-56.1549,45.18,87,99,4.38,overcast clouds
212,Airai,TL,-8.9266,125.4092,75.51,32,5,3.85,clear sky
213,Viedma,AR,-40.8135,-62.9967,52.97,31,5,15.5,clear sky
214,Robertsport,LR,6.7533,-11.3686,77.77,79,24,7.43,few clouds
215,Lerwick,GB,60.1545,-1.1494,53.6,94,100,9.73,overcast clouds
216,Tromso,NO,69.6496,18.957,48.22,87,40,12.66,scattered clouds
217,Touba,CI,8.2833,-7.6833,66.25,93,42,3.76,scattered clouds
218,Pevek,RU,69.7008,170.3133,32.04,98,100,25.81,light snow
219,Palm Valley,US,30.1775,-81.3876,81.1,91,16,5.37,few clouds
220,Olafsvik,IS,64.8945,-23.7142,52.75,87,99,5.08,overcast clouds
221,Cajibio,CO,2.6227,-76.5704,57.15,91,60,4.36,broken clouds
222,Cockburn Town,TC,21.4612,-71.1419,82.29,79,0,20.83,clear sky
223,Neiafu,TO,-18.65,-173.9833,81.28,74,40,10.36,scattered clouds
224,Tubuala,PA,9.5167,-79.0333,78.33,81,100,7.7,overcast clouds
225,Pullman,US,46.7313,-117.1796,98.83,18,1,3.44,clear sky
226,Broken Hill,AU,-31.95,141.4333,58.71,36,90,17.27,overcast clouds
227,Zarand,IR,30.8127,56.564,70.95,26,7,3.74,clear sky
228,Tiksi,RU,71.6872,128.8694,59.0,42,4,3.49,clear sky
229,Requena,ES,39.4883,-1.1004,68.13,75,0,3.67,clear sky
230,Thompson,CA,55.7435,-97.8558,73.56,46,75,3.44,broken clouds
231,Vila Velha,BR,-20.3297,-40.2925,66.15,63,75,17.27,broken clouds
232,Grindavik,IS,63.8424,-22.4338,61.9,94,0,5.75,clear sky
233,Luganville,VU,-15.5333,167.1667,80.94,78,22,3.74,few clouds
234,Tiznit,MA,29.5833,-9.5,86.07,32,57,13.53,broken clouds
235,Catio,GW,11.2833,-15.25,75.7,93,100,6.82,moderate rain
236,Gigmoto,PH,13.7796,124.39,87.37,69,100,12.88,overcast clouds
237,Faya,SA,18.3851,42.4509,68.11,68,87,4.25,overcast clouds
238,Butterworth,MY,5.3991,100.3638,80.64,84,20,4.61,few clouds
239,La Ronge,CA,55.1001,-105.2842,80.82,38,40,4.61,scattered clouds
240,Karatau,KZ,43.1667,70.4667,74.08,28,80,10.87,broken clouds
241,Molokovo,RU,58.1661,36.7628,58.3,97,10,5.61,clear sky
242,Syasstroy,RU,60.1367,32.5691,60.21,92,39,7.99,scattered clouds
243,Majene,ID,-3.5403,118.9707,83.8,71,100,7.38,overcast clouds
244,Alta Floresta,BR,-9.8756,-56.0861,71.42,49,0,3.44,clear sky
245,Shache,CN,38.4167,77.2406,85.44,24,100,28.03,overcast clouds
246,Hokitika,NZ,-42.7167,170.9667,59.92,67,91,3.85,light rain
247,Yulara,AU,-25.2406,130.9889,69.64,35,0,8.05,clear sky
248,Lanas,PH,12.0495,121.9185,83.91,75,85,17.52,overcast clouds
249,Goma,CD,-1.6792,29.2228,61.92,72,26,3.2,scattered clouds
250,San Vicente,AR,-26.6167,-54.1333,31.95,78,0,2.77,clear sky
251,Curup,ID,-3.4667,102.5333,76.75,74,13,0.72,few clouds
252,Coquimbo,CL,-29.9533,-71.3436,49.73,87,20,2.3,few clouds
253,Am Timan,TD,11.0297,20.2827,73.53,94,65,4.05,broken clouds
254,Kakori,IN,26.8833,80.8,82.67,84,100,3.0,overcast clouds
255,Silva Jardim,BR,-22.6508,-42.3917,56.48,66,86,5.86,overcast clouds
256,Praia Da Vitoria,PT,38.7333,-27.0667,73.76,94,75,9.4,broken clouds
257,Alenquer,BR,-1.9417,-54.7383,75.54,82,25,4.21,scattered clouds
258,Asau,RO,46.4333,26.4,67.75,95,0,3.67,clear sky
259,Rio Gallegos,AR,-51.6226,-69.2181,41.05,65,0,8.05,clear sky
260,Tautira,PF,-17.7333,-149.15,80.01,76,27,4.9,scattered clouds
261,Tuatapere,NZ,-46.1333,167.6833,50.83,76,100,1.32,overcast clouds
262,Arman,RU,59.7,150.1667,59.63,44,2,16.31,clear sky
263,Port Blair,IN,11.6667,92.75,83.44,82,92,17.25,overcast clouds
264,Flinders,AU,-34.5833,150.8552,63.05,48,0,1.99,clear sky
265,Agirish,RU,61.9247,63.0231,49.37,72,92,3.44,overcast clouds
266,Lalganj,IN,25.8667,85.1833,80.55,82,99,13.91,overcast clouds
267,Bat Khela,PK,34.6167,71.9714,80.92,75,43,1.23,scattered clouds
268,Changli,CN,39.7042,119.1506,75.61,90,86,12.41,overcast clouds
269,Olinda,BR,-8.0089,-34.8553,76.73,73,75,5.75,broken clouds
270,Port Alfred,ZA,-33.5906,26.891,54.95,85,20,9.13,few clouds
271,Agadir,MA,30.4202,-9.5982,70.25,68,88,4.29,overcast clouds
272,Richards Bay,ZA,-28.783,32.0377,59.76,77,2,7.11,clear sky
273,Muisne,EC,0.6,-80.0333,75.22,82,96,7.78,overcast clouds
274,Mogadishu,SO,2.0371,45.3438,75.9,79,86,19.55,light rain
275,Nalut,LY,30.3333,10.85,79.97,25,0,10.56,clear sky
276,Velsk,RU,61.0701,42.0983,57.16,99,74,4.92,broken clouds
277,Grand Gaube,MU,-20.0064,57.6608,70.2,77,89,10.0,light rain
278,Nsoko,SZ,-27.0333,31.95,57.79,81,0,7.11,clear sky
279,Rehoboth,NA,-23.3167,17.0833,42.76,42,0,3.78,clear sky
280,Dauphin,CA,51.1494,-100.0502,78.94,53,1,8.05,clear sky
281,Xingyi,CN,24.1877,102.817,68.41,87,92,1.81,overcast clouds
282,Elliot Lake,CA,46.3834,-82.6331,66.29,67,16,12.84,few clouds
283,Nome,US,64.5011,-165.4064,50.16,93,90,12.66,overcast clouds
284,Miraflores,MX,19.2167,-98.8083,70.45,84,69,4.12,broken clouds
285,Hovd,MN,48.0056,91.6419,67.05,39,98,3.53,overcast clouds
286,Kavieng,PG,-2.5744,150.7967,83.84,71,71,3.91,light rain
287,Berezovka,BY,53.7214,25.4993,61.2,88,39,4.81,scattered clouds
288,Peace River,CA,56.2501,-117.286,82.71,28,20,16.11,few clouds
289,Riyadh,SA,24.6877,46.7219,86.14,16,15,3.15,few clouds
290,Alegrete,BR,-29.7831,-55.7919,40.03,71,0,1.34,clear sky
291,Doha,QA,25.2867,51.5333,94.98,49,0,2.3,clear sky
292,Maku,IR,39.2911,44.4521,61.52,78,5,2.84,clear sky
293,Avera,US,33.194,-82.5271,89.47,57,5,6.49,clear sky
294,Arani,IN,12.6667,79.2833,82.35,55,100,12.37,overcast clouds
295,Tocopilla,CL,-22.092,-70.1979,63.27,65,45,5.7,scattered clouds
296,Tura,IN,25.5198,90.2201,75.06,91,100,5.97,overcast clouds
297,Port Hardy,CA,50.6996,-127.4199,69.98,73,20,13.8,few clouds
298,El Roble,CO,9.1019,-75.1951,77.18,93,89,9.86,overcast clouds
299,Moree,AU,-29.4667,149.85,59.02,44,0,9.22,clear sky
300,Iwanai,JP,42.9744,140.5089,84.65,68,15,2.64,few clouds
301,Fare,PF,-16.7,-151.0167,77.67,74,7,3.58,clear sky
302,Kuytun,RU,54.3419,101.5036,58.15,67,100,9.66,overcast clouds
303,Baykit,RU,61.67,96.37,62.55,93,100,3.98,overcast clouds
304,Hukuntsi,BW,-24.0,21.75,48.24,36,0,9.71,clear sky
305,Pangkalanbuun,ID,-2.6833,111.6167,85.69,64,90,4.27,overcast clouds
306,Show Low,US,34.2542,-110.0298,69.51,85,1,6.91,clear sky
307,Brae,GB,60.3964,-1.353,53.51,96,100,8.23,overcast clouds
308,Miguel Hidalgo,MX,19.4225,-99.2028,71.01,43,75,16.11,broken clouds
309,Wokha,IN,26.1,94.2667,65.89,93,97,1.39,overcast clouds
310,Teahupoo,PF,-17.8333,-149.2667,74.53,77,24,3.74,light rain
311,Ambilobe,MG,-13.2,49.05,62.53,90,0,3.65,clear sky
312,Yatou,CN,37.15,122.3833,80.19,80,91,18.61,overcast clouds
313,Vredendal,ZA,-31.6683,18.5012,51.15,82,1,3.85,clear sky
314,Miramar,US,25.9873,-80.2323,82.0,78,20,5.75,few clouds
315,Melfi,IT,40.9965,15.6514,79.23,33,0,8.39,clear sky
316,Opuwo,NA,-18.0607,13.84,55.98,27,8,10.13,clear sky
317,Ha Tinh,VN,18.3333,105.9,89.46,63,100,6.87,overcast clouds
318,Ankazobe,MG,-18.3167,47.1167,54.01,87,70,11.21,broken clouds
319,Andenes,NO,69.3143,16.1194,48.18,93,100,24.16,overcast clouds
320,Bakal,RU,54.9417,58.8083,53.37,74,100,6.49,light rain
321,Mingyue,CN,43.1069,128.9217,78.73,82,99,3.04,overcast clouds
322,Saravan,AM,39.7196,45.6483,56.05,81,5,6.2,clear sky
323,Yangambi,CD,0.8102,24.4336,70.97,82,57,2.37,broken clouds
324,Saskylakh,RU,71.9167,114.0833,83.1,38,17,6.02,few clouds
325,Dalbandin,PK,28.8947,64.4101,88.11,13,26,7.63,scattered clouds
326,Turtas,RU,58.9417,69.1325,48.36,89,17,5.82,few clouds
327,Kalinovskaya,RU,43.5758,45.5192,61.88,54,0,1.54,clear sky
328,Lagoa,PT,39.05,-27.9833,69.64,90,0,8.1,clear sky
329,Longyan,CN,25.1072,117.0225,87.44,63,88,3.42,overcast clouds
330,Umm Kaddadah,SD,13.6017,26.6876,85.59,54,100,13.87,overcast clouds
331,Goundam,ML,16.4145,-3.6708,88.92,46,66,6.38,broken clouds
332,Abu Dhabi,AE,24.4667,54.3667,91.51,84,97,3.44,overcast clouds
333,Quchan,IR,37.106,58.5095,64.74,79,33,7.58,scattered clouds
334,Petropavlovka,RU,50.6114,105.3196,57.67,82,100,5.48,overcast clouds
335,Severnyy,RU,50.677,36.5532,68.04,83,39,4.47,scattered clouds
336,Hualmay,PE,-11.0964,-77.6139,63.91,84,75,8.3,broken clouds
337,Reshetylivka,UA,49.565,34.0782,66.99,94,62,7.43,broken clouds
338,Sosnovka,RU,56.255,51.2842,58.87,96,67,2.95,broken clouds
339,Kabwe,ZM,-14.4469,28.4464,50.61,69,2,4.41,clear sky
340,Filingue,NE,14.3521,3.3168,84.69,58,98,4.32,overcast clouds
341,Mayo,US,38.8876,-76.5119,80.71,93,40,1.99,mist
342,Mersing,MY,2.4312,103.8405,80.51,89,40,3.44,scattered clouds
343,Maldonado,UY,-34.6667,-54.9167,46.22,81,5,6.49,clear sky
344,Chabahar,IR,25.2919,60.643,84.78,80,98,11.81,overcast clouds
345,Korla,CN,41.7597,86.1469,92.48,18,17,23.31,few clouds
346,Havelock,US,34.8791,-76.9013,82.38,86,1,5.01,clear sky
347,Sao Joao Da Barra,BR,-21.6403,-41.0511,60.84,61,0,19.93,clear sky
348,Det Udom,TH,14.906,105.0784,88.95,79,83,13.15,broken clouds
349,Dwarka,IN,22.2394,68.9678,82.35,83,100,23.78,overcast clouds
350,Ribeira Grande,PT,38.5167,-28.7,70.57,87,9,7.36,clear sky
351,Benghazi,LY,32.1167,20.0667,80.92,76,0,13.15,clear sky
352,Anta,IN,25.15,76.3,77.65,94,100,10.13,light rain
353,Bac Lieu,VN,9.285,105.7244,76.23,94,100,19.84,overcast clouds
354,Vestmannaeyjar,IS,63.4427,-20.2734,53.4,92,27,12.8,scattered clouds
355,Kismayo,SO,-0.3582,42.5454,75.29,76,67,16.46,broken clouds
356,Pangody,RU,65.85,74.4859,52.12,66,16,17.13,few clouds
357,Samarai,PG,-10.6167,150.6667,80.02,85,50,14.29,scattered clouds
358,Vila Do Maio,CV,15.1333,-23.2167,77.79,80,100,8.23,overcast clouds
359,Hamilton,US,39.1834,-84.5333,83.03,82,56,5.32,broken clouds
360,Margate,GB,51.3813,1.3862,60.91,85,100,1.01,overcast clouds
361,Comodoro Rivadavia,AR,-45.8667,-67.5,64.26,22,0,12.66,clear sky
362,Preeceville,CA,51.95,-102.6677,79.5,33,95,4.81,overcast clouds
363,Grebenskaya,RU,43.5317,46.3733,62.53,72,0,4.14,clear sky
364,Los Llanos De Aridane,ES,28.6585,-17.9182,69.55,93,90,16.11,overcast clouds
365,La Rioja,ES,42.25,-2.5,65.05,91,0,2.75,clear sky
366,Algiers,DZ,36.7525,3.042,76.82,89,75,8.05,mist
367,Llallagua,BO,-18.4167,-66.6333,40.46,37,66,4.27,broken clouds
368,Toora-Khem,RU,52.4675,96.11,61.05,57,55,3.06,broken clouds
369,Roma,US,43.2128,-75.4557,68.65,94,90,0.0,overcast clouds
370,Keningau,MY,5.3378,116.1602,81.05,70,99,2.55,overcast clouds
371,Balikpapan,ID,-1.2675,116.8289,82.38,74,97,7.05,overcast clouds
372,Kampot,KH,10.6167,104.1833,78.85,87,100,13.78,overcast clouds
373,San Patricio,US,28.017,-97.5169,86.41,69,100,9.26,overcast clouds
374,Wajima,JP,37.4,136.9,84.88,69,40,4.61,scattered clouds
375,Mount Isa,AU,-20.7333,139.5,82.17,24,5,9.22,clear sky
376,Buin,CL,-33.7333,-70.75,59.74,34,0,2.64,clear sky
377,Lata,PT,40.1629,-8.3327,61.81,99,39,1.83,scattered clouds
378,Tambacounda,SN,13.7539,-13.7586,80.65,83,0,2.3,clear sky
379,Peniche,PT,39.3558,-9.3811,64.62,90,3,14.9,clear sky
380,Ifakara,TZ,-8.1333,36.6833,61.92,82,1,1.72,clear sky
381,Pietarsaari,FI,63.65,22.6833,61.9,92,100,5.14,overcast clouds
382,Yar-Sale,RU,66.8333,70.8333,50.65,90,94,16.98,overcast clouds
383,Sisimiut,GL,66.9395,-53.6735,48.09,77,89,3.98,overcast clouds
384,Belaya Gora,RU,68.5333,146.4167,56.55,41,33,4.76,scattered clouds
385,Lundazi,ZM,-12.2929,33.1782,56.28,69,1,9.37,clear sky
386,Le Port,RE,-20.9373,55.2919,68.0,78,12,6.06,few clouds
387,Hambantota,LK,6.1241,81.1185,77.34,100,20,8.05,few clouds
388,Geraldton,AU,-28.7667,114.6,64.81,72,75,23.02,broken clouds
389,Mokhsogollokh,RU,61.4681,128.9203,69.1,48,6,7.65,clear sky
390,Gunjur,GM,13.2019,-16.7339,78.87,89,40,0.0,scattered clouds
391,Guamuchil,MX,25.4667,-108.1,90.75,80,1,4.63,clear sky
392,Marsa Matruh,EG,31.3525,27.2453,75.4,88,0,8.05,clear sky
393,Bonavista,CA,48.6499,-53.1147,62.11,77,24,13.96,few clouds
394,Great Yarmouth,GB,52.6083,1.7305,59.23,78,100,8.75,overcast clouds
395,Vanino,RU,49.0869,140.2543,75.76,90,100,0.87,overcast clouds
396,Bojnurd,IR,37.4747,57.329,66.15,82,75,4.61,broken clouds
397,Saint George,US,37.1041,-113.5841,97.39,30,40,11.01,scattered clouds
398,Severo-Kurilsk,RU,50.6789,156.125,62.35,87,93,4.05,overcast clouds
399,Lujiang,CN,31.2581,117.2817,84.25,73,1,3.69,clear sky
400,Navalmoral De La Mata,ES,39.8916,-5.5406,69.48,40,0,4.05,clear sky
401,Aripuana,BR,-9.1667,-60.6333,65.35,49,0,3.04,clear sky
402,Yumen,CN,40.2833,97.2,85.21,16,0,20.78,clear sky
403,Saldanha,ZA,-33.0117,17.9442,52.41,84,4,4.54,clear sky
404,Lida,BY,53.8833,25.2997,60.76,88,33,5.26,scattered clouds
405,Mocuba,MZ,-16.8392,36.9856,58.82,96,54,1.81,broken clouds
406,Touros,BR,-5.1989,-35.4608,76.1,84,50,11.83,scattered clouds
407,Talavera,PH,15.6167,120.9333,84.25,78,100,8.28,overcast clouds
408,Zarichne,UA,51.8126,26.129,64.58,76,46,5.59,scattered clouds
409,Imbituba,BR,-28.24,-48.6703,48.81,68,0,8.3,clear sky
410,Batemans Bay,AU,-35.7167,150.1833,60.1,29,0,4.72,clear sky
411,Gasa,PS,31.5,34.4667,76.98,75,0,6.44,clear sky
412,Elektrogorsk,RU,55.8794,38.7919,68.34,86,87,3.78,overcast clouds
413,Sinnamary,GF,5.3833,-52.95,78.19,84,6,5.79,clear sky
414,Kaifeng,CN,34.7911,114.3483,81.46,71,1,9.98,clear sky
415,Lamu,KE,-2.2717,40.902,75.42,75,41,14.79,scattered clouds
416,Ponta Delgada,PT,37.7333,-25.6667,70.52,88,75,5.75,broken clouds
417,Semey,KZ,50.4111,80.2275,61.02,55,0,4.47,clear sky
418,Suntar,RU,62.1444,117.6319,72.75,32,50,6.53,scattered clouds
419,Flagstaff,US,35.1981,-111.6513,73.06,86,90,11.01,light rain
420,Parry Sound,CA,45.3501,-80.033,69.91,88,0,12.73,clear sky
421,Dunedin,NZ,-45.8742,170.5036,48.79,87,64,17.0,broken clouds
422,Tiarei,PF,-17.5333,-149.3333,80.01,75,72,3.29,broken clouds
423,Yerbogachen,RU,61.2767,108.0108,73.83,36,4,10.09,clear sky
424,Bridgton,US,44.0548,-70.7128,63.73,97,100,5.08,heavy intensity rain
425,Temerloh,MY,3.4483,102.4176,79.16,78,100,0.89,overcast clouds
426,Port Macquarie,AU,-31.4333,152.9167,66.38,38,0,7.63,clear sky
427,Flin Flon,CA,54.7682,-101.865,70.2,59,38,3.53,scattered clouds
428,Nador,MA,35.174,-2.9287,77.07,94,40,4.61,scattered clouds
429,Japura,ID,-0.3167,102.35,83.19,53,96,3.94,overcast clouds
430,Russell,US,32.3502,-85.1999,88.83,87,1,0.0,clear sky
431,Totma,RU,59.9747,42.7642,56.88,97,15,5.59,few clouds
432,Wageningen,NL,51.9667,5.6667,57.85,86,90,5.75,overcast clouds
433,Qasigiannguit,GL,68.8193,-51.1922,48.45,88,89,0.76,overcast clouds
434,Diego De Almagro,CL,-26.3667,-70.05,57.45,16,2,2.48,clear sky
435,Qiongshan,CN,20.0058,110.3542,85.98,79,0,4.47,clear sky
436,Dombarovskiy,RU,50.7587,59.5386,65.73,42,99,8.63,overcast clouds
437,Waipawa,NZ,-41.4122,175.5153,58.46,62,3,4.54,clear sky
438,Ossora,RU,59.2353,163.0719,52.66,82,100,4.72,overcast clouds
439,Kirensk,RU,57.7853,108.1119,77.29,36,12,8.72,few clouds
440,North Battleford,CA,52.7834,-108.2847,69.89,73,1,11.5,clear sky
441,Manado,ID,1.487,124.8455,88.57,62,20,2.3,few clouds
442,Coihaique,CL,-45.5752,-72.0662,40.95,93,90,4.61,moderate rain
443,Stornoway,GB,58.2093,-6.3865,59.94,94,90,2.3,overcast clouds
444,Buritis,BR,-15.6178,-46.4233,64.18,36,0,4.27,clear sky
445,Tilichiki,RU,60.4667,166.1,58.01,44,29,4.16,scattered clouds
446,Kyzyl-Suu,KG,42.3414,78.0056,62.8,77,100,6.55,overcast clouds
447,Port-Cartier,CA,50.0334,-66.8654,61.02,91,100,4.72,overcast clouds
448,Hun,LY,29.1268,15.9477,76.78,46,0,6.24,clear sky
449,Amapa,BR,1.0,-52.0,71.08,99,36,0.56,scattered clouds
450,Lasa,IT,46.6166,10.7002,61.68,95,4,2.08,clear sky
451,Firozpur Jhirka,IN,27.8,76.95,82.02,82,98,2.28,overcast clouds
452,Nichinan,JP,31.6,131.3667,88.75,59,43,1.88,scattered clouds
453,Senneterre,CA,48.3835,-77.2328,59.22,91,89,11.07,overcast clouds
454,Petropavlovsk-Kamchatskiy,RU,53.0452,158.6483,66.79,100,75,4.47,broken clouds
455,Piterka,RU,50.6803,47.4454,70.75,67,16,7.78,few clouds
456,Sorland,NO,67.667,12.6934,50.45,86,36,25.03,scattered clouds
457,Phuket,TH,8.0,98.25,82.09,88,75,17.27,light rain
458,Faanui,PF,-16.4833,-151.75,78.08,76,36,10.0,light rain
459,Santa Fe,AR,-31.6333,-60.7,47.01,65,0,1.99,clear sky
460,Emerald,AU,-23.5333,148.1667,71.74,37,0,8.05,clear sky
461,Miyazu,JP,35.5333,135.1833,86.2,62,12,4.94,few clouds
462,Khandyga,RU,62.6667,135.6,69.96,37,47,4.61,scattered clouds
463,Sinjar,IQ,36.3209,41.8754,86.49,32,4,4.68,clear sky
464,Veraval,IN,20.9,70.3667,82.08,84,100,20.89,overcast clouds
465,Bat Yam,IL,32.0231,34.7503,81.64,81,20,6.91,few clouds
466,Panguipulli,CL,-39.6333,-72.3333,43.66,94,6,2.37,clear sky
467,San Carlos De Bariloche,AR,-41.1456,-71.3082,38.44,64,0,3.44,clear sky
468,Magistralnyy,RU,56.1725,107.4458,78.39,41,0,4.74,clear sky
469,Makhachkala,RU,42.9764,47.5024,67.98,51,0,7.7,clear sky
470,Bilibino,RU,68.0546,166.4372,43.88,50,78,10.54,broken clouds
471,Saint-Joseph,RE,-21.3667,55.6167,66.58,81,57,15.7,light rain
472,Jacqueville,CI,5.2052,-4.4146,75.11,86,26,7.36,scattered clouds
473,Saint-Georges,GD,12.0564,-61.7485,80.28,83,20,10.36,few clouds
474,Alberton,CA,46.8168,-64.0654,66.33,59,100,14.0,overcast clouds
475,Tazovskiy,RU,67.4667,78.7,54.57,88,72,13.78,broken clouds
476,Storsteinnes,NO,69.2408,19.2344,48.2,71,100,4.94,overcast clouds
477,Bronnoysund,NO,65.4625,12.1997,55.4,88,90,12.66,overcast clouds
478,Tanout,NE,14.9709,8.8879,82.27,58,62,9.75,broken clouds
479,Bubaque,GW,11.2833,-15.8333,78.48,85,100,15.23,moderate rain
480,Komsomolskiy,UZ,40.4272,71.7189,79.52,24,90,4.61,overcast clouds
481,Carballo,ES,43.213,-8.691,63.91,92,97,2.42,overcast clouds
482,Gushi,CN,34.6425,109.5843,91.65,33,0,5.48,clear sky
483,Yongan,CN,39.6957,113.6871,76.75,59,6,7.76,clear sky
484,Rio Brilhante,BR,-21.8019,-54.5464,42.6,43,18,6.38,few clouds
485,Vanimo,PG,-2.6741,141.3028,85.03,70,98,3.96,overcast clouds
486,Grants,US,35.1473,-107.8514,73.63,46,1,5.75,clear sky
487,Walvis Bay,NA,-22.9575,14.5053,52.75,76,0,4.61,clear sky
488,Kayes,ML,14.0,-11.0,74.88,91,100,3.4,overcast clouds
489,Tolaga Bay,NZ,-38.3667,178.3,57.72,67,0,7.52,clear sky
490,Eureka,US,40.8021,-124.1637,65.19,74,44,3.0,scattered clouds
491,Klaksvik,FO,62.2266,-6.589,52.72,89,100,16.84,overcast clouds
492,Morondava,MG,-20.2833,44.2833,69.42,62,30,4.63,scattered clouds
493,Yelandur,IN,12.0667,77.0333,70.95,75,100,10.51,overcast clouds
494,Kodinsk,RU,58.6881,99.1844,62.65,78,100,3.49,overcast clouds
495,Kalmunai,LK,7.4167,81.8167,82.2,70,50,4.14,scattered clouds
496,Cabedelo,BR,-6.9811,-34.8339,74.07,82,100,9.91,overcast clouds
497,Auki,SB,-8.7676,160.7034,86.31,63,5,2.8,clear sky
498,Pio Ix,BR,-6.8375,-40.5792,72.63,46,24,4.41,few clouds
499,Suez,EG,29.9737,32.5263,76.23,63,0,5.44,clear sky
500,Zhezkazgan,KZ,47.8043,67.7144,66.47,53,0,9.35,clear sky
501,College,US,64.8569,-147.8028,70.0,60,75,0.0,broken clouds
502,Naliya,IN,23.2667,68.8333,81.82,82,100,22.39,overcast clouds
503,Norrtalje,SE,59.758,18.705,60.03,93,29,5.73,scattered clouds
504,Kallithea,GR,37.95,23.7,90.41,38,0,1.99,clear sky
505,Sturgis,US,41.7992,-85.4192,76.14,54,1,6.91,clear sky
506,Sotouboua,TG,8.5667,0.9833,71.38,79,92,1.79,overcast clouds
507,Bambanglipuro,ID,-7.95,110.2833,81.63,74,60,9.35,broken clouds
508,Anloga,GH,5.7947,0.8973,77.22,87,12,9.53,few clouds
509,Kamogawa,JP,35.1,140.1,86.13,80,37,8.12,scattered clouds
510,Illora,ES,37.2877,-3.8811,74.59,65,0,0.0,clear sky
511,Acapulco,MX,16.8634,-99.8901,85.82,66,75,4.61,broken clouds
512,Warrensburg,US,38.7628,-93.7361,89.67,66,1,3.0,clear sky
513,Nouadhibou,MR,20.931,-17.0347,67.98,94,75,11.5,broken clouds
514,Danilovka,RU,50.3557,44.1168,68.0,80,66,6.24,broken clouds
515,The Pas,CA,53.8251,-101.2541,75.22,69,75,7.16,broken clouds
516,Guangyuan,CN,32.442,105.823,85.48,69,35,1.45,scattered clouds
517,Nehe,CN,48.4833,124.8333,78.75,73,15,5.5,few clouds
518,Khasan,RU,42.4308,130.6434,81.43,77,100,5.26,overcast clouds
519,Kharp,RU,66.8014,65.8081,47.77,92,100,12.86,light rain
520,Pak Chong,TH,14.708,101.4161,80.19,75,100,12.12,overcast clouds
521,Manaure,CO,11.7751,-72.4445,83.25,72,63,17.2,broken clouds
522,Kyshtovka,RU,56.555,76.6271,55.96,67,68,6.13,broken clouds
523,Grand-Santi,GF,4.25,-54.3833,72.82,99,100,2.26,overcast clouds
524,Itaituba,BR,-4.2761,-55.9836,78.06,45,54,1.9,broken clouds
525,Meulaboh,ID,4.1363,96.1285,79.84,80,99,2.46,overcast clouds
526,Shingu,JP,33.7333,135.9833,88.79,59,0,5.39,clear sky
527,Americus,US,32.0724,-84.2327,85.01,87,1,0.0,clear sky
528,Ginir,ET,7.1333,40.7,57.61,76,96,10.31,overcast clouds
529,Cayenne,GF,4.9333,-52.3333,77.09,89,0,0.0,clear sky
530,Apodi,BR,-5.6642,-37.7989,75.0,78,50,5.28,scattered clouds
531,Dawson Creek,CA,55.7666,-120.2362,78.44,34,1,8.05,clear sky
532,Benemerito De Las Americas,MX,16.5167,-90.6439,72.52,98,100,3.56,overcast clouds
533,Sao Sebastiao,BR,-23.76,-45.4097,50.92,75,67,4.94,broken clouds
534,Fukue,JP,32.6881,128.8419,84.56,74,75,6.91,broken clouds
535,Broome,US,42.2506,-75.833,70.61,94,75,1.01,broken clouds
536,Labuhan,ID,-6.8844,112.2051,83.7,64,39,6.49,scattered clouds
537,Namibe,AO,-15.1961,12.1522,63.7,80,1,1.16,clear sky
538,Verkh-Usugli,RU,52.7,115.1667,63.66,69,84,7.31,broken clouds
539,Floresta,BR,-8.6011,-38.5686,74.7,57,59,8.84,broken clouds
540,Novo Cruzeiro,BR,-17.4681,-41.8753,60.39,93,100,5.95,overcast clouds
541,Cotonou,BJ,6.3654,2.4183,76.98,88,20,8.05,few clouds
542,Harper,LR,4.375,-7.7169,75.52,86,100,5.39,overcast clouds
543,Aksay,RU,47.26,39.87,72.25,46,64,5.99,broken clouds
544,Madimba,TZ,-10.4,40.3333,66.78,88,3,9.4,clear sky
545,Olden,NO,61.8364,6.8064,64.27,91,87,3.8,overcast clouds
546,Dzhebariki-Khaya,RU,62.2167,135.8,70.14,37,8,4.05,clear sky
547,Maraa,BR,-1.8333,-65.3667,72.64,94,86,1.48,overcast clouds
548,Saint-Augustin,CA,51.226,-58.6502,53.47,74,35,7.23,scattered clouds
549,Utete,TZ,-7.986,38.758,64.74,93,0,2.64,clear sky
550,Tinskoy,RU,56.1525,96.9161,62.49,72,81,4.32,broken clouds
551,Rocha,UY,-34.4833,-54.3333,39.15,84,6,4.83,clear sky
552,Kargasok,RU,59.0556,80.8572,57.4,69,72,8.01,broken clouds
553,Pedra,BR,-8.4969,-36.9408,63.21,79,38,2.66,scattered clouds
554,San Cristobal,VE,7.7669,-72.225,75.38,97,51,4.36,broken clouds
555,Poronaysk,RU,49.2167,143.1167,80.22,65,99,9.93,moderate rain
556,Lulea,SE,65.5842,22.1547,59.07,88,90,5.75,overcast clouds
557,Lensk,RU,60.7253,114.9278,74.8,29,12,10.78,few clouds
558,Phan Thiet,VN,10.9333,108.1,83.8,72,91,13.69,overcast clouds
559,Suba,PH,10.8438,121.0102,84.42,76,94,16.26,overcast clouds
560,Campos Novos,BR,-27.4017,-51.225,28.8,91,0,0.6,clear sky
561,Arona,ES,28.0996,-16.681,66.83,77,20,12.66,few clouds
562,Abeche,TD,13.8292,20.8324,75.09,83,96,7.72,overcast clouds
563,Aklavik,CA,68.2191,-135.0107,67.03,52,100,9.44,overcast clouds
564,Svetlyy,RU,54.675,20.1347,60.85,74,1,11.01,clear sky
565,Varkkallai,IN,8.7341,76.7067,78.58,84,99,10.27,overcast clouds
566,Sucua,EC,-2.4667,-78.1667,67.26,99,100,0.83,light rain
567,Hinton,CA,53.4001,-117.5857,86.11,56,44,5.03,scattered clouds
568,Nishihara,JP,26.1842,127.7558,85.66,89,75,6.91,broken clouds
569,Beringovskiy,RU,63.05,179.3167,42.51,90,100,11.34,light rain
570,San Pedro,PH,14.35,121.0167,88.32,79,75,6.91,broken clouds
571,Ahome,MX,25.9167,-109.1833,91.15,71,5,10.0,clear sky
572,Mirabad,AF,30.4362,61.8383,83.25,29,17,28.97,few clouds
573,Itarema,BR,-2.9248,-39.9167,77.72,86,46,9.28,scattered clouds
574,Guatire,VE,10.4762,-66.5427,77.5,96,100,4.7,overcast clouds
575,Tuzha,RU,57.6062,47.936,60.67,98,88,6.87,overcast clouds
576,Sao Filipe,CV,14.8961,-24.4956,75.16,79,52,6.93,broken clouds
577,Rantepao,ID,-2.9701,119.8978,78.91,68,99,3.22,light rain
578,Saint Anthony,US,45.0205,-93.218,77.67,62,90,1.01,haze
579,Mehran,IR,33.1222,46.1646,81.88,20,0,4.68,clear sky
580,Radcliff,US,37.8404,-85.9491,82.81,79,1,1.01,clear sky
581,Taoudenni,ML,22.6783,-3.9836,95.31,31,46,9.91,scattered clouds
582,Sampit,ID,-2.5333,112.95,85.73,64,75,3.78,broken clouds
583,Inuvik,CA,68.3499,-133.7218,67.21,57,90,4.61,overcast clouds
584,Bath,GB,51.3779,-2.3591,59.58,93,100,14.9,overcast clouds
585,Shizunai,JP,42.3339,142.3669,76.33,81,1,13.27,clear sky
586,Deputatskiy,RU,69.3,139.9,55.94,41,87,4.07,overcast clouds
587,Saint-Gilles,FR,43.6766,4.4302,71.74,83,0,2.3,clear sky
588,Numan,NG,9.4667,12.0333,74.12,92,100,4.09,light rain
589,Rafaela,AR,-31.2503,-61.4867,46.06,38,0,1.01,clear sky
590,Krasnyy Yar,RU,46.5331,48.3456,66.13,50,5,5.1,clear sky
591,Quatre Cocos,MU,-20.2078,57.7625,69.91,73,98,21.18,light rain
592,Jega,NG,12.2175,4.3792,75.69,85,24,7.45,few clouds
593,Kibungo,RW,-2.1597,30.5427,67.12,54,15,1.59,few clouds
594,Bjerkvik,NO,68.5597,17.5189,54.99,76,100,3.51,overcast clouds
595,Panguna,PG,-6.3164,155.4848,81.32,63,49,2.93,light rain
596,Padang,ID,-0.9492,100.3543,75.25,64,100,0.89,overcast clouds
597,Anadyr,RU,64.75,177.4833,41.5,87,75,17.9,light intensity shower rain
598,Balakhta,RU,55.38,91.6,62.64,63,100,4.07,overcast clouds
599,Asyut,EG,27.181,31.1837,80.78,25,95,5.28,overcast clouds
600,Murray Bridge,AU,-35.1167,139.2667,66.13,49,77,17.34,broken clouds
601,Stromness,GB,58.965,-3.296,55.65,95,100,13.38,overcast clouds
602,Elko,US,41.0002,-115.5012,80.64,28,55,4.0,broken clouds
603,Mazamet,FR,43.49,2.373,71.08,88,100,3.44,overcast clouds
604,Toktogul,KG,41.8708,72.9402,74.64,44,71,1.86,broken clouds
605,Coolum Beach,AU,-26.5333,153.1,70.11,60,5,1.01,clear sky
606,Sassandra,CI,4.95,-6.0833,73.74,91,86,4.18,overcast clouds
607,Chilca,PE,-12.5211,-76.7372,60.96,86,97,5.59,overcast clouds
608,Dingle,PH,10.9995,122.6711,87.48,65,60,13.22,broken clouds
609,Nemuro,JP,43.3236,145.575,77.43,95,93,10.2,overcast clouds
610,Pyapon,MM,16.2833,95.6833,83.66,80,69,13.06,broken clouds
611,Oranjemund,NA,-28.55,16.4333,55.18,58,0,5.5,clear sky
612,Valenca,BR,-13.3703,-39.0731,70.72,97,31,1.72,scattered clouds
613,Port Hedland,AU,-20.3167,118.5667,75.25,57,75,10.36,broken clouds
614,Bihac,BA,44.8169,15.8708,68.74,54,0,3.65,clear sky
615,Puerto Madryn,AR,-42.7692,-65.0385,55.49,39,2,17.4,clear sky
616,Lusaka,ZM,-15.4067,28.2871,52.92,58,23,5.08,few clouds
617,Aykhal,RU,66.0,111.5,73.98,33,99,7.54,overcast clouds
618,Almaznyy,RU,48.0448,40.045,64.54,71,80,7.31,broken clouds
619,Valparaiso,CL,-33.0393,-71.6273,50.47,83,20,5.75,few clouds
620,Oltu,TR,40.5498,42.0013,60.8,93,79,2.3,broken clouds
621,Verkhnevilyuysk,RU,63.4453,120.3167,72.95,33,77,3.4,broken clouds
622,Borgarnes,IS,64.5383,-21.9206,61.99,86,100,8.46,overcast clouds
623,Plouzane,FR,48.3833,-4.6167,59.05,83,75,12.66,broken clouds
624,Puerto Lopez,CO,4.0845,-72.956,73.04,90,12,3.31,few clouds
625,Cozumel,MX,20.5083,-86.9458,86.11,87,40,5.01,scattered clouds
626,Kisangani,CD,0.5167,25.2,69.4,84,55,1.07,broken clouds
627,Praya,CV,14.9215,-23.5087,77.54,73,75,11.5,broken clouds
628,Mombasa,KE,-4.0547,39.6636,72.01,88,20,6.91,few clouds
629,Shieli,KZ,44.1667,66.75,74.88,36,0,7.4,clear sky
630,Sarh,TD,9.1429,18.3923,76.91,88,40,0.0,thunderstorm with light rain
631,Semnan,IR,35.5729,53.3971,75.42,52,46,5.48,scattered clouds
632,Redcliffe,AU,-27.2307,153.0973,72.46,49,0,8.05,clear sky
633,San Ramon,US,37.7799,-121.978,97.81,44,1,8.01,clear sky
634,Cabatuan,PH,10.8794,122.486,87.03,65,62,11.3,broken clouds
635,Kigoma,TZ,-4.8769,29.6267,72.66,62,8,2.51,clear sky
636,Linjiang,CN,41.8069,126.9078,89.64,58,45,1.14,scattered clouds
637,Betsiamites,CA,48.9413,-68.646,66.6,88,100,9.1,overcast clouds
638,Leshukonskoye,RU,64.8989,45.7622,47.55,82,99,4.0,overcast clouds
639,Praia,CV,14.9215,-23.5087,77.54,73,75,11.5,broken clouds
640,Samarinda,ID,-0.5,117.15,87.03,63,87,3.98,overcast clouds
641,Bainbridge,US,47.6262,-122.5212,93.29,48,1,7.0,clear sky
642,Kudahuvadhoo,MV,2.6708,72.8944,81.72,72,88,3.51,overcast clouds
643,Iracoubo,GF,5.4802,-53.2011,77.52,86,3,5.5,clear sky
644,Tecoanapa,MX,16.5167,-98.75,80.71,79,100,2.71,overcast clouds
645,Zharkent,KZ,44.1628,80.0,77.5,43,100,1.68,light rain
646,Rohtak,IN,28.9,76.5667,80.69,77,64,6.15,broken clouds
647,Vao,NC,-22.6667,167.4833,71.35,70,2,20.04,clear sky
648,Kediri,ID,-7.8167,112.0167,83.35,65,53,9.53,broken clouds
649,Nuuk,GL,64.1835,-51.7216,47.01,87,1,8.05,clear sky
650,Cheyenne,US,41.14,-104.8203,83.23,48,1,13.8,clear sky
651,Jutai,BR,-5.1833,-68.9,69.13,62,94,3.29,overcast clouds
652,Novobirilyussy,RU,56.9514,90.6661,64.85,50,100,2.89,overcast clouds
653,Kasempa,ZM,-13.4584,25.8338,52.86,58,8,6.13,clear sky
654,Palana,RU,59.1167,159.9667,47.08,71,8,12.88,clear sky
655,Angoche,MZ,-16.2325,39.9086,69.87,74,1,10.04,clear sky
656,Bouake,CI,7.6895,-5.0218,75.31,94,40,9.22,scattered clouds
657,Shubarshi,KZ,48.5872,57.1869,68.97,36,100,5.66,overcast clouds
658,Najran,SA,17.4924,44.1277,83.05,50,17,8.79,few clouds
659,Dryden,CA,49.7833,-92.7503,66.49,42,1,4.61,clear sky
660,Managua,NI,12.1328,-86.2504,80.31,76,1,10.51,clear sky
661,Zabaykalsk,RU,49.6333,117.3167,68.13,83,100,6.89,overcast clouds
662,Shirokiy,RU,49.758,129.523,78.39,71,24,8.08,few clouds
663,Joshimath,IN,30.5667,79.5667,73.17,84,99,0.49,overcast clouds
664,Pidhorodne,UA,48.5753,35.1068,70.84,91,24,5.7,few clouds
665,Leh,IN,34.1667,77.5833,60.91,67,96,2.89,overcast clouds
666,Plettenberg Bay,ZA,-34.0527,23.3716,53.65,71,7,4.23,clear sky
667,Ulaanbaatar,MN,47.9077,106.8832,60.93,67,20,11.18,few clouds
668,Mwinilunga,ZM,-11.7358,24.4293,50.5,45,1,4.92,clear sky
669,Saint-Leu,RE,-21.15,55.2833,67.06,73,28,4.94,scattered clouds
670,Beloha,MG,-25.1667,45.05,64.31,76,8,4.61,clear sky
671,Cascais,PT,38.6979,-9.4215,65.46,76,0,15.99,clear sky
672,Mackay,AU,-21.15,149.2,74.68,73,90,13.8,overcast clouds
673,Carutapera,BR,-1.195,-46.02,75.47,93,29,6.02,scattered clouds
674,Bereda,ES,43.2686,-7.5406,60.01,100,6,1.79,clear sky
675,Halifax,CA,44.6453,-63.5724,64.45,85,75,1.99,broken clouds
676,Raudeberg,NO,61.9875,5.1352,59.67,93,79,17.0,broken clouds
677,Pontianak,ID,-0.0333,109.3333,78.78,94,40,5.75,light rain
678,Longyearbyen,SJ,78.2186,15.6401,42.64,81,75,3.44,light rain
679,Ginda,IN,30.6945,78.4932,68.81,82,89,0.02,overcast clouds
680,Umea,SE,63.8284,20.2597,62.91,94,20,9.22,few clouds
